[
  {
    "id": "e1504f65-a3c7-4ec7-8d4b-84f31a3401b2",
    "data": [
      {
        "text": "John",
        "alias": "name",
        "meta": "@sys.given-name",
        "userDefined": false
      },
      {
        "text": " ",
        "userDefined": false
      },
      {
        "text": "Smith",
        "alias": "last-name",
        "meta": "@sys.last-name",
        "userDefined": false
      }
    ],
    "isTemplate": false,
    "count": 0,
    "updated": 1533000547
  },
  {
    "id": "67e1ef03-a413-431b-b599-b863d29cf89a",
    "data": [
      {
        "text": "John",
        "alias": "name",
        "meta": "@sys.given-name",
        "userDefined": false
      }
    ],
    "isTemplate": false,
    "count": 0,
    "updated": 1533000547
  },
  {
    "id": "c0888f8a-e7f4-4e9a-8748-089862ab9fe9",
    "data": [
      {
        "text": "it is ",
        "userDefined": false
      },
      {
        "text": "@sys.given-name",
        "alias": "name",
        "meta": "@sys.given-name",
        "userDefined": true
      },
      {
        "text": " ",
        "userDefined": false
      },
      {
        "text": "@sys.last-name",
        "alias": "last-name",
        "meta": "@sys.last-name",
        "userDefined": true
      }
    ],
    "isTemplate": false,
    "count": 0,
    "updated": 1533000547
  },
  {
    "id": "67ac5190-a4e8-4b5a-965b-24dba0bf07a5",
    "data": [
      {
        "text": "@sys.given-name",
        "alias": "name",
        "meta": "@sys.given-name",
        "userDefined": true
      },
      {
        "text": " ",
        "userDefined": false
      },
      {
        "text": "@sys.last-name",
        "alias": "last-name",
        "meta": "@sys.last-name",
        "userDefined": true
      }
    ],
    "isTemplate": false,
    "count": 0,
    "updated": 1533000547
  },
  {
    "id": "b6a31cc5-ae7d-4dd2-9d14-10ea884a005a",
    "data": [
      {
        "text": "it is ",
        "userDefined": false
      },
      {
        "text": "@sys.given-name",
        "alias": "name",
        "meta": "@sys.given-name",
        "userDefined": true
      }
    ],
    "isTemplate": false,
    "count": 0,
    "updated": 1533000547
  },
  {
    "id": "22ea4b7a-8cf7-472c-b892-a9753ce459b5",
    "data": [
      {
        "text": "@sys.given-name",
        "alias": "name",
        "meta": "@sys.given-name",
        "userDefined": true
      }
    ],
    "isTemplate": false,
    "count": 0,
    "updated": 1533000547
  }
]