[
  {
    "id": "1a29e09a-c03e-49a1-bfdc-56931db8ac1c",
    "data": [
      {
        "text": "list jobs",
        "alias": "list_jobs",
        "meta": "@list_jobs",
        "userDefined": false
      }
    ],
    "isTemplate": false,
    "count": 4,
    "updated": 1532886480
  },
  {
    "id": "298f9efa-0718-45ab-b1a3-f3553c885bb1",
    "data": [
      {
        "text": "Bring me ",
        "userDefined": false
      },
      {
        "text": "all jobs",
        "alias": "list_jobs",
        "meta": "@list_jobs",
        "userDefined": true
      }
    ],
    "isTemplate": false,
    "count": 3,
    "updated": 1532886480
  },
  {
    "id": "60208f64-faae-4946-9e34-bc230de5c5c1",
    "data": [
      {
        "text": "Would you show me ",
        "userDefined": false
      },
      {
        "text": "the list of jobs",
        "alias": "list_jobs",
        "meta": "@list_jobs",
        "userDefined": true
      },
      {
        "text": "?",
        "userDefined": false
      }
    ],
    "isTemplate": false,
    "count": 0,
    "updated": 1532886480
  },
  {
    "id": "06794c10-be55-47ca-84c8-e5e1c8b8fc5c",
    "data": [
      {
        "text": "Please display the ",
        "userDefined": false
      },
      {
        "text": "job list",
        "alias": "list_jobs",
        "meta": "@list_jobs",
        "userDefined": false
      },
      {
        "text": " for me",
        "userDefined": false
      }
    ],
    "isTemplate": false,
    "count": 0,
    "updated": 1532886480
  },
  {
    "id": "fe0f1071-16c0-446e-a2ef-9f0196d81724",
    "data": [
      {
        "text": "Job list,",
        "alias": "list_jobs",
        "meta": "@list_jobs",
        "userDefined": true
      },
      {
        "text": " please",
        "userDefined": false
      }
    ],
    "isTemplate": false,
    "count": 3,
    "updated": 1532886480
  },
  {
    "id": "711af9fe-0b2d-43c7-be81-ee5a4e829a36",
    "data": [
      {
        "text": "Show ",
        "userDefined": false
      },
      {
        "text": "jobs",
        "alias": "list_jobs",
        "meta": "@list_jobs",
        "userDefined": false
      }
    ],
    "isTemplate": false,
    "count": 0,
    "updated": 1532886480
  },
  {
    "id": "edb12ebf-75b7-4d54-91a0-100795a79499",
    "data": [
      {
        "text": "list all jobs",
        "alias": "list_jobs",
        "meta": "@list_jobs",
        "userDefined": false
      }
    ],
    "isTemplate": false,
    "count": 0,
    "updated": 1532886480
  },
  {
    "id": "504a86ca-fa65-420b-a02c-1714dad300d9",
    "data": [
      {
        "text": "all jobs",
        "alias": "list_jobs",
        "meta": "@list_jobs",
        "userDefined": false
      }
    ],
    "isTemplate": false,
    "count": 0,
    "updated": 1532886480
  },
  {
    "id": "58fb6d3e-cef5-4082-9a3a-f802c85ef04c",
    "data": [
      {
        "text": "jobs",
        "meta": "@sys.ignore",
        "userDefined": false
      }
    ],
    "isTemplate": false,
    "count": 1,
    "updated": 1532886480
  }
]