[
  {
    "id": "e61733c9-c5fc-4d84-bb76-5437be8a52cb",
    "data": [
      {
        "text": "it\u0027s ",
        "userDefined": false
      },
      {
        "text": "3103335678",
        "alias": "phone",
        "meta": "@sys.phone-number",
        "userDefined": false
      }
    ],
    "isTemplate": false,
    "count": 0,
    "updated": 1533513862
  },
  {
    "id": "cf497346-7104-4c04-9e51-132a19b6c40f",
    "data": [
      {
        "text": "3103333516",
        "alias": "phone",
        "meta": "@sys.phone-number",
        "userDefined": false
      }
    ],
    "isTemplate": false,
    "count": 0,
    "updated": 1533513862
  }
]