[
  {
    "id": "ef3d19d0-b19f-4994-8bb9-de0581b24655",
    "data": [
      {
        "text": "manager",
        "alias": "role",
        "meta": "@role",
        "userDefined": false
      }
    ],
    "isTemplate": false,
    "count": 0,
    "updated": 1533518202
  },
  {
    "id": "d650abf0-1af3-4151-8d6a-0b9a25536a08",
    "data": [
      {
        "text": "she is a ",
        "userDefined": false
      },
      {
        "text": "lead",
        "alias": "role",
        "meta": "@role",
        "userDefined": false
      }
    ],
    "isTemplate": false,
    "count": 0,
    "updated": 1533518202
  },
  {
    "id": "28ef52eb-0336-4262-adc6-8e90c2e4eff0",
    "data": [
      {
        "text": "he is a ",
        "userDefined": false
      },
      {
        "text": "manager",
        "alias": "role",
        "meta": "@role",
        "userDefined": false
      }
    ],
    "isTemplate": false,
    "count": 0,
    "updated": 1533518202
  },
  {
    "id": "ca36bfe8-f9c2-4c82-ab59-35f86a94b256",
    "data": [
      {
        "text": "she is a ",
        "userDefined": false
      },
      {
        "text": "employee",
        "alias": "role",
        "meta": "@role",
        "userDefined": false
      }
    ],
    "isTemplate": false,
    "count": 0,
    "updated": 1533518202
  }
]