[
  {
    "id": "9029f0ea-e337-4947-8936-a404237f9661",
    "data": [
      {
        "text": "Add a ",
        "userDefined": false
      },
      {
        "text": "new job",
        "alias": "create_job",
        "meta": "@create_job",
        "userDefined": false
      }
    ],
    "isTemplate": false,
    "count": 1,
    "updated": 1533176906
  },
  {
    "id": "8d42a99e-64f1-488a-8c64-81de78f7d06c",
    "data": [
      {
        "text": "Would you help me to enter a ",
        "userDefined": false
      },
      {
        "text": "new job",
        "alias": "create_job",
        "meta": "@create_job",
        "userDefined": false
      },
      {
        "text": " please",
        "userDefined": false
      }
    ],
    "isTemplate": false,
    "count": 0,
    "updated": 1533176906
  },
  {
    "id": "0ff67855-1c7f-4924-bdc9-81071a343422",
    "data": [
      {
        "text": "new job",
        "alias": "create_job",
        "meta": "@create_job",
        "userDefined": false
      },
      {
        "text": " please",
        "userDefined": false
      }
    ],
    "isTemplate": false,
    "count": 0,
    "updated": 1533176906
  },
  {
    "id": "56a0cc0e-f005-4a41-8183-908b50e8d7e5",
    "data": [
      {
        "text": "Let\u0027s ",
        "userDefined": false
      },
      {
        "text": "create a job",
        "alias": "create_job",
        "meta": "@create_job",
        "userDefined": true
      }
    ],
    "isTemplate": false,
    "count": 2,
    "updated": 1533176906
  },
  {
    "id": "a6e5d655-f0e6-433d-9cb9-97e0f510b84f",
    "data": [
      {
        "text": "let\u0027s ",
        "userDefined": false
      },
      {
        "text": "create a job",
        "alias": "create_job",
        "meta": "@create_job",
        "userDefined": true
      }
    ],
    "isTemplate": false,
    "count": 1,
    "updated": 1533176906
  },
  {
    "id": "2ba8a081-12c9-4eb6-bf13-de901b272639",
    "data": [
      {
        "text": "Create a ",
        "userDefined": false
      },
      {
        "text": "new job",
        "alias": "create_job",
        "meta": "@create_job",
        "userDefined": false
      }
    ],
    "isTemplate": false,
    "count": 2,
    "updated": 1533176906
  },
  {
    "id": "668e5b39-fbe0-49dd-bbfc-1acea9e0d8c8",
    "data": [
      {
        "text": "create job",
        "alias": "create_job",
        "meta": "@create_job",
        "userDefined": false
      },
      {
        "text": " please",
        "userDefined": false
      }
    ],
    "isTemplate": false,
    "count": 1,
    "updated": 1533176906
  }
]