[
  {
    "id": "4c5139b2-cf04-46d6-a5a2-07d9fc888728",
    "data": [
      {
        "text": "Restart",
        "userDefined": false
      }
    ],
    "isTemplate": false,
    "count": 0,
    "updated": 1532908803
  },
  {
    "id": "bdd81b63-f99b-4141-9557-542f22f9dcfb",
    "data": [
      {
        "text": "start over",
        "userDefined": false
      }
    ],
    "isTemplate": false,
    "count": 0,
    "updated": 1532908803
  },
  {
    "id": "c37eae02-2608-41b9-9d34-73f17fa7ecf4",
    "data": [
      {
        "text": "discard",
        "userDefined": false
      }
    ],
    "isTemplate": false,
    "count": 0,
    "updated": 1532908803
  },
  {
    "id": "b0dd5f64-43e3-4737-ad41-5d4e35aa1d12",
    "data": [
      {
        "text": "Drop this",
        "userDefined": false
      }
    ],
    "isTemplate": false,
    "count": 1,
    "updated": 1532908803
  },
  {
    "id": "1bdb75aa-0eeb-4e5e-82a0-4947a27de569",
    "data": [
      {
        "text": "Reset",
        "userDefined": false
      }
    ],
    "isTemplate": false,
    "count": 0,
    "updated": 1532908803
  },
  {
    "id": "58abaeeb-b60e-4c61-9404-5919fed703c7",
    "data": [
      {
        "text": "Discard it",
        "userDefined": false
      }
    ],
    "isTemplate": false,
    "count": 0,
    "updated": 1532908803
  }
]