[
  {
    "id": "cfa7135f-a989-4703-b199-af0e42053fcc",
    "data": [
      {
        "text": "go ahead",
        "userDefined": false
      }
    ],
    "isTemplate": false,
    "count": 0,
    "updated": 1533515229
  },
  {
    "id": "c097886b-d39d-40f0-aa42-03b1a3bc8cde",
    "data": [
      {
        "text": "Yes",
        "userDefined": false
      }
    ],
    "isTemplate": false,
    "count": 0,
    "updated": 1533515229
  },
  {
    "id": "98935fb2-c29f-417e-8e72-0e1023f2c7d1",
    "data": [
      {
        "text": "Do it",
        "userDefined": false
      }
    ],
    "isTemplate": false,
    "count": 0,
    "updated": 1533515229
  },
  {
    "id": "90d183e5-edb1-491b-a197-6b0d8fc0b364",
    "data": [
      {
        "text": "submit",
        "userDefined": false
      }
    ],
    "isTemplate": false,
    "count": 1,
    "updated": 1533515229
  },
  {
    "id": "2d154904-22bf-4727-bd4b-7eb9e9b5cb64",
    "data": [
      {
        "text": "go for it",
        "userDefined": false
      }
    ],
    "isTemplate": false,
    "count": 0,
    "updated": 1533515229
  }
]