[
  {
    "id": "49fed93b-ce96-4257-8bfa-0838ef941f89",
    "data": [
      {
        "text": "California",
        "alias": "state",
        "meta": "@sys.geo-state-us",
        "userDefined": false
      }
    ],
    "isTemplate": false,
    "count": 0,
    "updated": 1533177848
  },
  {
    "id": "92270409-166c-4aba-ac02-d061933e12ca",
    "data": [
      {
        "text": "Arizona",
        "alias": "state",
        "meta": "@sys.geo-state-us",
        "userDefined": false
      }
    ],
    "isTemplate": false,
    "count": 1,
    "updated": 1533177848
  },
  {
    "id": "cfeb7bd9-e710-4627-993f-57b578b33144",
    "data": [
      {
        "text": "CA",
        "alias": "state",
        "meta": "@sys.geo-state-us",
        "userDefined": false
      }
    ],
    "isTemplate": false,
    "count": 0,
    "updated": 1533177848
  }
]