[
  {
    "id": "9ad5a6a4-de7a-471d-9fe0-8f439593cae2",
    "data": [
      {
        "text": "weekly",
        "alias": "repeatType",
        "meta": "@repeat_type",
        "userDefined": false
      }
    ],
    "isTemplate": false,
    "count": 0,
    "updated": 1533178955
  },
  {
    "id": "9e180da6-10f6-44f0-9263-ad4bb2d04a6a",
    "data": [
      {
        "text": "daily",
        "alias": "repeatType",
        "meta": "@repeat_type",
        "userDefined": false
      }
    ],
    "isTemplate": false,
    "count": 0,
    "updated": 1533178955
  }
]