[
  {
    "id": "34ccd9d8-fa83-4afd-a093-2f1264fb9dc6",
    "data": [
      {
        "text": "Hi Beca",
        "userDefined": false
      }
    ],
    "isTemplate": false,
    "count": 0,
    "updated": 1532901384
  },
  {
    "id": "fcd893e6-69cc-4a83-9a26-f50a7dd52dea",
    "data": [
      {
        "text": "Wake up, Beca",
        "userDefined": false
      }
    ],
    "isTemplate": false,
    "count": 0,
    "updated": 1532901384
  },
  {
    "id": "c8330579-eda4-4d63-b2e1-1457a221d789",
    "data": [
      {
        "text": "Hello, Beca",
        "userDefined": false
      }
    ],
    "isTemplate": false,
    "count": 0,
    "updated": 1532901384
  },
  {
    "id": "dc37322e-8df2-4cf3-a12b-7ef4eb9b38b7",
    "data": [
      {
        "text": "Hi",
        "userDefined": false
      }
    ],
    "isTemplate": false,
    "count": 0,
    "updated": 1532901384
  }
]