[
  {
    "id": "169aaeb1-241f-4564-9c1a-eb112df92e00",
    "data": [
      {
        "text": "3103333516",
        "alias": "phone",
        "meta": "@sys.phone-number",
        "userDefined": false
      }
    ],
    "isTemplate": false,
    "count": 0,
    "updated": 1533509152
  },
  {
    "id": "e835f391-8fd3-46b7-9d51-1bb7079ae30e",
    "data": [
      {
        "text": "it is ",
        "userDefined": false
      },
      {
        "text": "3102345678",
        "alias": "phone",
        "meta": "@sys.phone-number",
        "userDefined": false
      }
    ],
    "isTemplate": false,
    "count": 0,
    "updated": 1533509152
  }
]