[
  {
    "id": "72577e6a-77e6-4a60-979f-ae1a4c75f71d",
    "data": [
      {
        "text": "Looks good. Ship it!",
        "userDefined": false
      }
    ],
    "isTemplate": false,
    "count": 0,
    "updated": 1526786593
  },
  {
    "id": "6ae23e71-01f3-4c9f-88ad-64a7f2442377",
    "data": [
      {
        "text": "Go ahead!",
        "userDefined": false
      }
    ],
    "isTemplate": false,
    "count": 0,
    "updated": 1526786593
  },
  {
    "id": "52a1c7fc-0e97-4f63-82d7-eb8fde22cd4c",
    "data": [
      {
        "text": "submit it!",
        "userDefined": false
      }
    ],
    "isTemplate": false,
    "count": 0,
    "updated": 1526786593
  },
  {
    "id": "5a8004eb-c7a7-4cde-a89b-a1fde37df0e4",
    "data": [
      {
        "text": "Everything looks good. Submit!",
        "userDefined": false
      }
    ],
    "isTemplate": false,
    "count": 0,
    "updated": 1526786593
  }
]