[
  {
    "id": "a0922013-551e-4ca9-bf9a-9d0efbf2de56",
    "data": [
      {
        "text": "I don\u0027t know",
        "userDefined": false
      }
    ],
    "isTemplate": false,
    "count": 0,
    "updated": 1533509126
  },
  {
    "id": "4fcc334a-f0de-4084-957b-765ba2e835b4",
    "data": [
      {
        "text": "Los Angeles",
        "alias": "city",
        "meta": "@sys.geo-city",
        "userDefined": false
      }
    ],
    "isTemplate": false,
    "count": 0,
    "updated": 1533509126
  },
  {
    "id": "9434b4ed-a4a3-4a6f-994f-d7f81938dff6",
    "data": [
      {
        "text": "No, I don\u0027t have one",
        "userDefined": false
      }
    ],
    "isTemplate": false,
    "count": 0,
    "updated": 1533509126
  },
  {
    "id": "2afd4308-19e1-49e9-adde-1bdf72aa64a5",
    "data": [
      {
        "text": "No",
        "userDefined": false
      }
    ],
    "isTemplate": false,
    "count": 0,
    "updated": 1533509126
  },
  {
    "id": "54471a79-7883-45ed-a4e8-96075615ac02",
    "data": [
      {
        "text": "It\u0027s ",
        "userDefined": false
      },
      {
        "text": "San Diego",
        "alias": "city",
        "meta": "@sys.geo-city",
        "userDefined": false
      }
    ],
    "isTemplate": false,
    "count": 0,
    "updated": 1533509126
  }
]