[
  {
    "id": "a3e8dda7-1a77-41c7-a923-ec0f9470961d",
    "data": [
      {
        "text": "it is ",
        "userDefined": false
      },
      {
        "text": "123@hotmail.com",
        "alias": "email",
        "meta": "@sys.email",
        "userDefined": true
      }
    ],
    "isTemplate": false,
    "count": 0,
    "updated": 1533514318
  },
  {
    "id": "db31da46-4fd0-4488-a19d-6b99f6a3bb02",
    "data": [
      {
        "text": "abc@gmail.com",
        "alias": "email",
        "meta": "@sys.email",
        "userDefined": true
      }
    ],
    "isTemplate": false,
    "count": 0,
    "updated": 1533514318
  }
]