[
  {
    "id": "47be26dc-6c0f-4891-b4cc-f8f8a86c1eea",
    "data": [
      {
        "text": "it\u0027s ",
        "userDefined": false
      },
      {
        "text": "jordan",
        "alias": "name",
        "meta": "@sys.given-name",
        "userDefined": false
      }
    ],
    "isTemplate": false,
    "count": 0,
    "updated": 1533513172
  },
  {
    "id": "fb992c99-e029-4e23-bbe3-067f0b0bfc1e",
    "data": [
      {
        "text": "John",
        "alias": "name",
        "meta": "@sys.given-name",
        "userDefined": false
      }
    ],
    "isTemplate": false,
    "count": 0,
    "updated": 1533513172
  }
]