[
  {
    "id": "cac6a23d-abf5-4058-aeb4-1e1b98cae977",
    "data": [
      {
        "text": "Call it a day",
        "userDefined": false
      }
    ],
    "isTemplate": false,
    "count": 0,
    "updated": 1525484633
  },
  {
    "id": "9fb5f47c-222e-4a27-9d2f-78e88e0f3f56",
    "data": [
      {
        "text": "Bye.",
        "userDefined": false
      }
    ],
    "isTemplate": false,
    "count": 0,
    "updated": 1525484633
  },
  {
    "id": "9986e40c-4610-4470-9273-27535aff4f27",
    "data": [
      {
        "text": "Next time.",
        "userDefined": false
      }
    ],
    "isTemplate": false,
    "count": 0,
    "updated": 1525484633
  },
  {
    "id": "79791d55-9228-4fdf-9ff2-ec13d852dd15",
    "data": [
      {
        "text": "So long.",
        "userDefined": false
      }
    ],
    "isTemplate": false,
    "count": 0,
    "updated": 1525484633
  },
  {
    "id": "c921f405-1219-4ba8-bfd4-0e65be1e082b",
    "data": [
      {
        "text": "Thank you, Beca. See you next time.",
        "userDefined": false
      }
    ],
    "isTemplate": false,
    "count": 1,
    "updated": 1525484633
  },
  {
    "id": "f2621793-7783-43c5-973f-aa5adef7a36a",
    "data": [
      {
        "text": "Goodbye, Beca!",
        "userDefined": false
      }
    ],
    "isTemplate": false,
    "count": 0,
    "updated": 1525484633
  }
]