[
  {
    "id": "2bb7b106-e3fe-4218-8ddf-1c97e8184c1a",
    "data": [
      {
        "text": "it is ",
        "userDefined": false
      },
      {
        "text": "90245",
        "alias": "zipCode",
        "meta": "@sys.zip-code",
        "userDefined": false
      }
    ],
    "isTemplate": false,
    "count": 0,
    "updated": 1533179025
  },
  {
    "id": "04bc6407-b0c3-46f2-be69-2d8a7ba22aa4",
    "data": [
      {
        "text": "90502",
        "alias": "zipCode",
        "meta": "@sys.zip-code",
        "userDefined": false
      }
    ],
    "isTemplate": false,
    "count": 0,
    "updated": 1533179025
  },
  {
    "id": "cb45e1f0-636d-4090-be2b-8fa1a9996c37",
    "data": [
      {
        "text": "I don\u0027t have it",
        "userDefined": false
      }
    ],
    "isTemplate": false,
    "count": 0,
    "updated": 1533177374
  }
]