[
  {
    "id": "5ebde643-2e2b-49de-9fd6-3f24455ee446",
    "data": [
      {
        "text": "add a user",
        "alias": "create_user",
        "meta": "@create_user",
        "userDefined": false
      }
    ],
    "isTemplate": false,
    "count": 0,
    "updated": 1533512839
  },
  {
    "id": "13981d25-94f9-4681-9dd6-1bdd85012ffc",
    "data": [
      {
        "text": "create a user",
        "alias": "create_user",
        "meta": "@create_user",
        "userDefined": true
      }
    ],
    "isTemplate": false,
    "count": 0,
    "updated": 1533512839
  },
  {
    "id": "9c1f3499-21c5-4795-81d0-547034618f62",
    "data": [
      {
        "text": "Let\u0027s ",
        "userDefined": false
      },
      {
        "text": "create a new user",
        "alias": "create_user",
        "meta": "@create_user",
        "userDefined": false
      }
    ],
    "isTemplate": false,
    "count": 0,
    "updated": 1533512839
  }
]