[
  {
    "id": "79924b88-f5ec-42a2-bb97-70d6e418058f",
    "data": [
      {
        "text": "200 Main St",
        "alias": "street",
        "meta": "@sys.street-address",
        "userDefined": false
      }
    ],
    "isTemplate": false,
    "count": 0,
    "updated": 1533176121
  },
  {
    "id": "2097d65b-6713-4882-b38e-5196777eff01",
    "data": [
      {
        "text": "it is ",
        "userDefined": false
      },
      {
        "text": "500 Broadway Blvd",
        "alias": "street",
        "meta": "@sys.street-address",
        "userDefined": true
      }
    ],
    "isTemplate": false,
    "count": 0,
    "updated": 1533176121
  }
]