[
  {
    "id": "56a5a989-a227-43c2-ac41-653235f78f57",
    "data": [
      {
        "text": "guy",
        "alias": "gender",
        "meta": "@gender",
        "userDefined": true
      }
    ],
    "isTemplate": false,
    "count": 0,
    "updated": 1533515439
  },
  {
    "id": "c798979d-cc08-449e-b423-cbcbc94a13d6",
    "data": [
      {
        "text": "female",
        "alias": "gender",
        "meta": "@gender",
        "userDefined": false
      }
    ],
    "isTemplate": false,
    "count": 0,
    "updated": 1533515439
  },
  {
    "id": "18fac505-9875-46ab-ac1b-98ae92140825",
    "data": [
      {
        "text": "Not specified",
        "userDefined": false
      }
    ],
    "isTemplate": false,
    "count": 0,
    "updated": 1533515439
  },
  {
    "id": "85168fbe-9064-438a-8b3d-1bdc43339461",
    "data": [
      {
        "text": "male",
        "alias": "gender",
        "meta": "@gender",
        "userDefined": false
      }
    ],
    "isTemplate": false,
    "count": 0,
    "updated": 1533515439
  }
]