[
  {
    "value": "weekly",
    "synonyms": [
      "weekly",
      "every week",
      "every Monday",
      "every Tuesday",
      "every Wesday",
      "every Thursday",
      "every Friday",
      "every Saturday",
      "evrey Sunday"
    ]
  },
  {
    "value": "monthly",
    "synonyms": [
      "monthly",
      "every month",
      "once a month"
    ]
  },
  {
    "value": "one time",
    "synonyms": [
      "one time"
    ]
  },
  {
    "value": "every day",
    "synonyms": [
      "every day"
    ]
  },
  {
    "value": "daily",
    "synonyms": [
      "daily",
      "everyday",
      "once a day"
    ]
  }
]