[
  {
    "id": "41b7320e-a34a-482c-bf5b-18361382fcda",
    "data": [
      {
        "text": "Bring me ",
        "userDefined": false
      },
      {
        "text": "all jobs",
        "alias": "list_jobs",
        "meta": "@list_jobs",
        "userDefined": true
      }
    ],
    "isTemplate": false,
    "count": 3,
    "updated": 1526008039
  },
  {
    "id": "fe926ae2-1bab-468f-8272-450e5118cd0e",
    "data": [
      {
        "text": "Would you show me ",
        "userDefined": false
      },
      {
        "text": "the list of jobs",
        "alias": "list_jobs",
        "meta": "@list_jobs",
        "userDefined": true
      },
      {
        "text": "?",
        "userDefined": false
      }
    ],
    "isTemplate": false,
    "count": 0,
    "updated": 1526008039
  },
  {
    "id": "1b0de994-6291-4cc6-8abb-b03f6bdbd974",
    "data": [
      {
        "text": "Please display the ",
        "userDefined": false
      },
      {
        "text": "job list",
        "alias": "list_jobs",
        "meta": "@list_jobs",
        "userDefined": false
      },
      {
        "text": " for me",
        "userDefined": false
      }
    ],
    "isTemplate": false,
    "count": 0,
    "updated": 1526008039
  },
  {
    "id": "1a46f8c2-8bc3-409f-86ab-551eafe87a0d",
    "data": [
      {
        "text": "Job list,",
        "alias": "list_jobs",
        "meta": "@list_jobs",
        "userDefined": true
      },
      {
        "text": " please",
        "userDefined": false
      }
    ],
    "isTemplate": false,
    "count": 3,
    "updated": 1526008039
  },
  {
    "id": "189706cc-1fe0-4e35-9b61-04005d222a44",
    "data": [
      {
        "text": "Show ",
        "userDefined": false
      },
      {
        "text": "jobs",
        "alias": "list_jobs",
        "meta": "@list_jobs",
        "userDefined": false
      }
    ],
    "isTemplate": false,
    "count": 0,
    "updated": 1526008039
  },
  {
    "id": "8cbd50b1-9e90-46be-bfd0-716aa793fe42",
    "data": [
      {
        "text": "list all jobs",
        "alias": "list_jobs",
        "meta": "@list_jobs",
        "userDefined": false
      }
    ],
    "isTemplate": false,
    "count": 0,
    "updated": 1526008039
  },
  {
    "id": "9f59b617-2232-4ad4-89dd-d689149ae1a2",
    "data": [
      {
        "text": "all jobs",
        "alias": "list_jobs",
        "meta": "@list_jobs",
        "userDefined": false
      }
    ],
    "isTemplate": false,
    "count": 0,
    "updated": 1526008039
  },
  {
    "id": "e39eff91-a61e-4f9c-bfb4-86cda650dc77",
    "data": [
      {
        "text": "jobs",
        "meta": "@sys.ignore",
        "userDefined": false
      }
    ],
    "isTemplate": false,
    "count": 1,
    "updated": 1526007391
  },
  {
    "id": "0d85365c-1832-4025-b1bf-7a39734ae445",
    "data": [
      {
        "text": "list jobs",
        "alias": "list_jobs",
        "meta": "@list_jobs",
        "userDefined": false
      }
    ],
    "isTemplate": false,
    "count": 3,
    "updated": 1526008039
  }
]