[
  {
    "id": "0692be4f-ca4f-4af5-bc1f-0c55f6c05a8f",
    "data": [
      {
        "text": "Job list",
        "alias": "jobs",
        "meta": "@jobs",
        "userDefined": false
      },
      {
        "text": ", please",
        "userDefined": false
      }
    ],
    "isTemplate": false,
    "count": 3,
    "updated": 0
  },
  {
    "id": "9146312d-86fb-45bd-892d-5652aea0fc60",
    "data": [
      {
        "text": "Show ",
        "userDefined": false
      },
      {
        "text": "jobs",
        "alias": "jobs",
        "meta": "@jobs",
        "userDefined": false
      },
      {
        "text": ", please",
        "userDefined": false
      }
    ],
    "isTemplate": false,
    "count": 2,
    "updated": 0
  },
  {
    "id": "2c2e0f67-9eb3-4481-b403-b6c44828dffd",
    "data": [
      {
        "text": "Please display the ",
        "userDefined": false
      },
      {
        "text": "job list",
        "alias": "jobs",
        "meta": "@jobs",
        "userDefined": false
      }
    ],
    "isTemplate": false,
    "count": 1,
    "updated": 0
  },
  {
    "id": "ba38ef2d-5d3f-4c77-b7d7-9cbe0864ee50",
    "data": [
      {
        "text": "would you show the ",
        "userDefined": false
      },
      {
        "text": "list of jobs",
        "alias": "jobs",
        "meta": "@jobs",
        "userDefined": false
      },
      {
        "text": "?",
        "userDefined": false
      }
    ],
    "isTemplate": false,
    "count": 1,
    "updated": 0
  },
  {
    "id": "5ba0d592-3b9e-4cdd-96be-89706b391c7a",
    "data": [
      {
        "text": "Bring me all ",
        "userDefined": false
      },
      {
        "text": "jobs",
        "alias": "jobs",
        "meta": "@jobs",
        "userDefined": false
      }
    ],
    "isTemplate": false,
    "count": 1,
    "updated": 0
  },
  {
    "id": "b479d315-10ad-45a5-a11a-f8ece016e1c8",
    "data": [
      {
        "text": "jobs",
        "alias": "jobs",
        "meta": "@jobs",
        "userDefined": false
      }
    ],
    "isTemplate": false,
    "count": 1,
    "updated": 0
  },
  {
    "id": "bef3eb4a-ef30-4f21-b13b-c99aeba23dcf",
    "data": [
      {
        "text": "Would you show me the ",
        "userDefined": false
      },
      {
        "text": "list of jobs",
        "alias": "jobs",
        "meta": "@jobs",
        "userDefined": false
      },
      {
        "text": "?",
        "userDefined": false
      }
    ],
    "isTemplate": false,
    "count": 0,
    "updated": 1525320051
  },
  {
    "id": "53d2ece3-764d-457a-aa8e-1494f6dac54e",
    "data": [
      {
        "text": "Please list ",
        "userDefined": false
      },
      {
        "text": "jobs",
        "alias": "jobs",
        "meta": "@jobs",
        "userDefined": false
      }
    ],
    "isTemplate": false,
    "count": 0,
    "updated": 1525320051
  }
]