[
  {
    "id": "38eac6c6-4d80-4dee-883a-d997d60716ab",
    "data": [
      {
        "text": "No, I don\u0027t see it.",
        "userDefined": false
      }
    ],
    "isTemplate": false,
    "count": 0,
    "updated": 1525837926
  },
  {
    "id": "e030d514-9f3f-4820-b0ff-26976555e339",
    "data": [
      {
        "text": "No, there is something wrong.",
        "userDefined": false
      }
    ],
    "isTemplate": false,
    "count": 0,
    "updated": 1525837926
  },
  {
    "id": "25bca97c-cc48-4a47-88f1-a028d77e80e2",
    "data": [
      {
        "text": "not really",
        "userDefined": false
      }
    ],
    "isTemplate": false,
    "count": 0,
    "updated": 1525837926
  },
  {
    "id": "61f890c2-9d33-47a8-af5a-fecb4de213c6",
    "data": [
      {
        "text": "no",
        "userDefined": false
      }
    ],
    "isTemplate": false,
    "count": 1,
    "updated": 1525837926
  },
  {
    "id": "3e05eaf0-34d5-494f-8db7-b52b4a298f95",
    "data": [
      {
        "text": "I don\u0027t think so",
        "userDefined": false
      }
    ],
    "isTemplate": false,
    "count": 0,
    "updated": 1525837926
  },
  {
    "id": "bcafcb32-b546-4940-b916-9ae0729b8978",
    "data": [
      {
        "text": "definitely not",
        "userDefined": false
      }
    ],
    "isTemplate": false,
    "count": 1,
    "updated": 1525837926
  }
]