[
  {
    "id": "dfc5f89a-7069-49f8-b248-89ca318a074b",
    "data": [
      {
        "text": "Job list",
        "alias": "jobs",
        "meta": "@jobs",
        "userDefined": false
      },
      {
        "text": ", please",
        "userDefined": false
      }
    ],
    "isTemplate": false,
    "count": 3,
    "updated": 1525743474
  },
  {
    "id": "dd7fb4bc-7b1c-4d71-b380-280854693d49",
    "data": [
      {
        "text": "Show ",
        "userDefined": false
      },
      {
        "text": "jobs",
        "alias": "jobs",
        "meta": "@jobs",
        "userDefined": false
      },
      {
        "text": ", please",
        "userDefined": false
      }
    ],
    "isTemplate": false,
    "count": 2,
    "updated": 1525743474
  },
  {
    "id": "ce6ba6d3-4aba-49c8-bf25-5e643581cc9f",
    "data": [
      {
        "text": "Please display the ",
        "userDefined": false
      },
      {
        "text": "job list",
        "alias": "jobs",
        "meta": "@jobs",
        "userDefined": false
      }
    ],
    "isTemplate": false,
    "count": 1,
    "updated": 1525743474
  },
  {
    "id": "d4911a01-25b9-4aaf-bef2-943c67a368bc",
    "data": [
      {
        "text": "would you show the ",
        "userDefined": false
      },
      {
        "text": "list of jobs",
        "alias": "jobs",
        "meta": "@jobs",
        "userDefined": false
      },
      {
        "text": "?",
        "userDefined": false
      }
    ],
    "isTemplate": false,
    "count": 1,
    "updated": 1525743474
  },
  {
    "id": "ab959a50-0975-4972-bc7a-090575ad6014",
    "data": [
      {
        "text": "Bring me all ",
        "userDefined": false
      },
      {
        "text": "jobs",
        "alias": "jobs",
        "meta": "@jobs",
        "userDefined": false
      }
    ],
    "isTemplate": false,
    "count": 1,
    "updated": 1525743474
  },
  {
    "id": "b9353677-ee7c-47ff-8bfc-4c343f64b427",
    "data": [
      {
        "text": "jobs",
        "alias": "jobs",
        "meta": "@jobs",
        "userDefined": false
      }
    ],
    "isTemplate": false,
    "count": 1,
    "updated": 1525743474
  },
  {
    "id": "c77342d8-5a20-4c2a-9673-732c6a55694e",
    "data": [
      {
        "text": "Would you show me the ",
        "userDefined": false
      },
      {
        "text": "list of jobs",
        "alias": "jobs",
        "meta": "@jobs",
        "userDefined": false
      },
      {
        "text": "?",
        "userDefined": false
      }
    ],
    "isTemplate": false,
    "count": 0,
    "updated": 1525743474
  },
  {
    "id": "c9da3aee-6cfc-4f76-88cf-e561ba716510",
    "data": [
      {
        "text": "Please list ",
        "userDefined": false
      },
      {
        "text": "jobs",
        "alias": "jobs",
        "meta": "@jobs",
        "userDefined": false
      }
    ],
    "isTemplate": false,
    "count": 0,
    "updated": 1525743474
  }
]