[
  {
    "id": "b913c287-c18d-4070-a3b3-e298618ce0af",
    "data": [
      {
        "text": "Team Alpha",
        "alias": "squad",
        "meta": "@sys.any",
        "userDefined": true
      }
    ],
    "isTemplate": false,
    "count": 0,
    "updated": 1525321071
  },
  {
    "id": "03e94b36-b3bd-4c1e-848a-7d4e9120e39f",
    "data": [
      {
        "text": "Pizza Team",
        "alias": "squad",
        "meta": "@sys.any",
        "userDefined": true
      }
    ],
    "isTemplate": false,
    "count": 0,
    "updated": 1525320752
  },
  {
    "id": "89599bc2-0a71-4946-b226-7071e922a032",
    "data": [
      {
        "text": "Anything Goes",
        "alias": "squad",
        "meta": "@sys.any",
        "userDefined": true
      }
    ],
    "isTemplate": false,
    "count": 0,
    "updated": 1525320752
  },
  {
    "id": "6def7344-5c42-4020-806e-992d7b7b2695",
    "data": [
      {
        "text": "Allstars",
        "alias": "squad",
        "meta": "@sys.any",
        "userDefined": true
      }
    ],
    "isTemplate": false,
    "count": 0,
    "updated": 1525320752
  }
]