[
  {
    "id": "9ea18f96-ae0f-4aa6-ada0-f0f1cf99e411",
    "data": [
      {
        "text": "Team Alpha",
        "alias": "squad",
        "meta": "@sys.any",
        "userDefined": true
      }
    ],
    "isTemplate": false,
    "count": 0,
    "updated": 1525837738
  },
  {
    "id": "56f0d920-a954-4a47-a5ce-2166de95af68",
    "data": [
      {
        "text": "Pizza Team",
        "alias": "squad",
        "meta": "@sys.any",
        "userDefined": true
      }
    ],
    "isTemplate": false,
    "count": 0,
    "updated": 1525837738
  },
  {
    "id": "27dbbec0-c725-46d3-a652-82361dd61108",
    "data": [
      {
        "text": "Anything Goes",
        "alias": "squad",
        "meta": "@sys.any",
        "userDefined": true
      }
    ],
    "isTemplate": false,
    "count": 0,
    "updated": 1525837738
  },
  {
    "id": "db114dd1-a66d-4f6b-9ea3-f93b8808b0c5",
    "data": [
      {
        "text": "Allstars",
        "alias": "squad",
        "meta": "@sys.any",
        "userDefined": true
      }
    ],
    "isTemplate": false,
    "count": 0,
    "updated": 1525837738
  }
]