[
  {
    "id": "27246ea3-d796-4c00-aaea-63e687b6f1e3",
    "data": [
      {
        "text": "Team Alpha",
        "alias": "squad",
        "meta": "@sys.any",
        "userDefined": true
      }
    ],
    "isTemplate": false,
    "count": 0,
    "updated": 1525321071
  },
  {
    "id": "a61a1bab-7d58-44a9-a8a2-cc828e783672",
    "data": [
      {
        "text": "Pizza Team",
        "alias": "squad",
        "meta": "@sys.any",
        "userDefined": true
      }
    ],
    "isTemplate": false,
    "count": 0,
    "updated": 1525320752
  },
  {
    "id": "b0e42140-5e11-42e0-aca3-f447a4e98cfc",
    "data": [
      {
        "text": "Anything Goes",
        "alias": "squad",
        "meta": "@sys.any",
        "userDefined": true
      }
    ],
    "isTemplate": false,
    "count": 0,
    "updated": 1525320752
  },
  {
    "id": "9df4b0ee-9083-4954-8b6e-136d5de5f595",
    "data": [
      {
        "text": "Allstars",
        "alias": "squad",
        "meta": "@sys.any",
        "userDefined": true
      }
    ],
    "isTemplate": false,
    "count": 0,
    "updated": 1525320752
  }
]