[
  {
    "id": "34d3e002-a01f-4c8a-8d12-fc70c8dcb75b",
    "data": [
      {
        "text": "Yes, I see it.",
        "userDefined": false
      }
    ],
    "isTemplate": false,
    "count": 0,
    "updated": 1526005373
  },
  {
    "id": "8484f0e8-cb88-4c62-ac0b-25fe67d32955",
    "data": [
      {
        "text": "okay",
        "userDefined": false
      }
    ],
    "isTemplate": false,
    "count": 0,
    "updated": 1526005373
  },
  {
    "id": "3c62ad62-685e-4378-9a66-d3e19d7425df",
    "data": [
      {
        "text": "of course",
        "userDefined": false
      }
    ],
    "isTemplate": false,
    "count": 0,
    "updated": 1526005373
  },
  {
    "id": "b3153a18-24f7-4ea3-9481-70019ad827b9",
    "data": [
      {
        "text": "confirm",
        "userDefined": false
      }
    ],
    "isTemplate": false,
    "count": 1,
    "updated": 1526005373
  },
  {
    "id": "616e0995-0b07-4386-9eb0-7109e512a757",
    "data": [
      {
        "text": "that\u0027s correct",
        "userDefined": false
      }
    ],
    "isTemplate": false,
    "count": 0,
    "updated": 1526005373
  },
  {
    "id": "e041539d-0bf3-42c3-b39e-3944c2988f88",
    "data": [
      {
        "text": "yes",
        "userDefined": false
      }
    ],
    "isTemplate": false,
    "count": 0,
    "updated": 1526005373
  },
  {
    "id": "2b35dd02-71c5-4016-a7bf-9dc9d22a2ef9",
    "data": [
      {
        "text": "exactly",
        "userDefined": false
      }
    ],
    "isTemplate": false,
    "count": 0,
    "updated": 1526005373
  },
  {
    "id": "2944e73a-4607-44f4-9323-77f83e723511",
    "data": [
      {
        "text": "sure",
        "userDefined": false
      }
    ],
    "isTemplate": false,
    "count": 2,
    "updated": 1526005373
  }
]